{
  "mode": "pure_inference_latency",
  "split": "train",
  "camera_width": 1280,
  "camera_height": 704,
  "wall_total_s": 75.491,
  "count_total": 55,
  "count_effective": 50,
  "sample_pool_indices": [
    0,
    1,
    2,
    3,
    4,
    5,
    6,
    7,
    8,
    9,
    10,
    11,
    12,
    13,
    14,
    15,
    16,
    17,
    18,
    19,
    20,
    21,
    22,
    23,
    24,
    25,
    26,
    27,
    28,
    29,
    30,
    31,
    32,
    33,
    34,
    35,
    36,
    37,
    38,
    39,
    40,
    41,
    42,
    43,
    44,
    45,
    46,
    47,
    48,
    49,
    50,
    51,
    52,
    53,
    54
  ],
  "thresholds": {
    "max_ego_fde_m": 20.0,
    "max_path_fde_m": 25.0,
    "max_traj_abs_m": 150.0
  },
  "device": "npu",
  "device_count": 1,
  "visible_devices": "2",
  "sample_ms": {
    "mean": 0.0,
    "std": 0.0,
    "p50": 0.0,
    "p90": 0.0,
    "p95": 0.0,
    "p99": 0.0,
    "max": 0.0
  },
  "collate_ms": {
    "mean": 0.0,
    "std": 0.0,
    "p50": 0.0,
    "p90": 0.0,
    "p95": 0.0,
    "p99": 0.0,
    "max": 0.0
  },
  "transfer_ms": {
    "mean": 5.6804,
    "std": 5.5240895467036015,
    "p50": 3.63,
    "p90": 14.875000000000005,
    "p95": 19.809999999999995,
    "p99": 24.483539999999994,
    "max": 26.225
  },
  "prepare_ms": {
    "mean": 5.68242,
    "std": 5.524136526517062,
    "p50": 3.6319999999999997,
    "p90": 14.877000000000006,
    "p95": 19.812449999999995,
    "p99": 24.485539999999993,
    "max": 26.227
  },
  "model_ms": {
    "mean": 711.6936599999999,
    "std": 7.323259199591401,
    "p50": 710.206,
    "p90": 721.9603000000001,
    "p95": 724.1903,
    "p99": 734.20529,
    "max": 735.812
  },
  "post_ms": {
    "mean": 0.3583199999999999,
    "std": 0.02969137248427563,
    "p50": 0.3495,
    "p90": 0.3673,
    "p95": 0.39589999999999986,
    "p99": 0.49256999999999995,
    "max": 0.496
  },
  "e2e_ms": {
    "mean": 717.73434,
    "std": 8.416184852081136,
    "p50": 716.5315,
    "p90": 729.8375,
    "p95": 734.4768,
    "p99": 738.42719,
    "max": 739.931
  },
  "sanity": {
    "basic_sanity_pass": 50,
    "basic_sanity_total": 50,
    "gt_reasonableness_pass": 49,
    "gt_reasonableness_total": 50,
    "ego_fde_m": {
      "mean": 3.1637462536629744,
      "std": 5.469150676928379,
      "p50": 0.5427471094089157,
      "p90": 9.174132333624762,
      "p95": 18.463647578655397,
      "p99": 20.368104949219052,
      "max": 20.778277583430654
    },
    "path_fde_m": {}
  },
  "dataset_size": 2295,
  "config": "/home/ma-user/MindDrive/adzoo/minddrive/configs/minddrive_qwen25_3B_latency.py",
  "checkpoint": "/cache/minddrive_ckpts/minddrive_3b_rltrain.pth",
  "effective_config_save_path": "./results_latency_3b_1280x704/"
}