{
  "system_latency": {
    "mode": "system_latency",
    "split": "train",
    "camera_width": 1280,
    "camera_height": 704,
    "wall_total_s": 91.745,
    "count_total": 55,
    "count_effective": 50,
    "sample_pool_indices": [
      0,
      1,
      2,
      3,
      4,
      5,
      6,
      7,
      8,
      9,
      10,
      11,
      12,
      13,
      14,
      15,
      16,
      17,
      18,
      19,
      20,
      21,
      22,
      23,
      24,
      25,
      26,
      27,
      28,
      29,
      30,
      31,
      32,
      33,
      34,
      35,
      36,
      37,
      38,
      39,
      40,
      41,
      42,
      43,
      44,
      45,
      46,
      47,
      48,
      49,
      50,
      51,
      52,
      53,
      54
    ],
    "thresholds": {
      "max_ego_fde_m": 20.0,
      "max_path_fde_m": 25.0,
      "max_traj_abs_m": 150.0
    },
    "device": "npu",
    "device_count": 1,
    "visible_devices": "2",
    "sample_ms": {
      "mean": 723.98368,
      "std": 53.06058750124805,
      "p50": 709.5944999999999,
      "p90": 793.1868999999999,
      "p95": 799.37055,
      "p99": 889.3104399999997,
      "max": 954.6
    },
    "collate_ms": {
      "mean": 5.84554,
      "std": 1.7603606699764682,
      "p50": 5.051,
      "p90": 7.414900000000003,
      "p95": 10.425849999999999,
      "p99": 11.872119999999999,
      "max": 12.123
    },
    "transfer_ms": {
      "mean": 3.7060000000000004,
      "std": 0.282017020762932,
      "p50": 3.6790000000000003,
      "p90": 3.9342,
      "p95": 4.161499999999999,
      "p99": 4.70879,
      "max": 4.87
    },
    "prepare_ms": {
      "mean": 733.53664,
      "std": 53.22268623839274,
      "p50": 722.844,
      "p90": 801.6028,
      "p95": 809.9142999999999,
      "p99": 898.5261599999998,
      "max": 963.067
    },
    "model_ms": {
      "mean": 640.60824,
      "std": 15.348054809075967,
      "p50": 635.4694999999999,
      "p90": 658.0841,
      "p95": 677.0258,
      "p99": 692.40442,
      "max": 695.512
    },
    "post_ms": {
      "mean": 0.53664,
      "std": 0.04547692161965232,
      "p50": 0.526,
      "p90": 0.5811,
      "p95": 0.6326999999999999,
      "p99": 0.68806,
      "max": 0.691
    },
    "e2e_ms": {
      "mean": 1374.6813399999999,
      "std": 58.04006794744816,
      "p50": 1360.5135,
      "p90": 1440.5285,
      "p95": 1468.52495,
      "p99": 1553.5807199999997,
      "max": 1612.367
    },
    "sanity": {
      "basic_sanity_pass": 50,
      "basic_sanity_total": 50,
      "gt_reasonableness_pass": 48,
      "gt_reasonableness_total": 50,
      "ego_fde_m": {
        "mean": 2.3060059379657445,
        "std": 5.457045859963882,
        "p50": 0.547792524847541,
        "p90": 2.6939220862576505,
        "p95": 18.79639424487474,
        "p99": 20.478433392345774,
        "max": 20.886309931660502
      },
      "path_fde_m": {
        "mean": 0.11970909005990928,
        "std": 0.13478207025901237,
        "p50": 0.06205778336686571,
        "p90": 0.32275218507079395,
        "p95": 0.4601988554725705,
        "p99": 0.564683306512459,
        "max": 0.5937258264111577
      }
    },
    "dataset_size": 2295,
    "config": "/home/ma-user/MindDrive/adzoo/minddrive/configs/minddrive_qwen2_05B_latency.py",
    "checkpoint": "/home/ma-user/MindDrive/ckpts/minddrive_rltrain.pth",
    "effective_config_save_path": "./results_latency_1280x704/"
  },
  "pure_inference_latency": {
    "mode": "pure_inference_latency",
    "split": "train",
    "camera_width": 1280,
    "camera_height": 704,
    "wall_total_s": 35.981,
    "count_total": 55,
    "count_effective": 50,
    "sample_pool_indices": [
      0,
      1,
      2,
      3,
      4,
      5,
      6,
      7,
      8,
      9,
      10,
      11,
      12,
      13,
      14,
      15,
      16,
      17,
      18,
      19,
      20,
      21,
      22,
      23,
      24,
      25,
      26,
      27,
      28,
      29,
      30,
      31,
      32,
      33,
      34,
      35,
      36,
      37,
      38,
      39,
      40,
      41,
      42,
      43,
      44,
      45,
      46,
      47,
      48,
      49,
      50,
      51,
      52,
      53,
      54
    ],
    "thresholds": {
      "max_ego_fde_m": 20.0,
      "max_path_fde_m": 25.0,
      "max_traj_abs_m": 150.0
    },
    "device": "npu",
    "device_count": 1,
    "visible_devices": "2",
    "sample_ms": {
      "mean": 0.0,
      "std": 0.0,
      "p50": 0.0,
      "p90": 0.0,
      "p95": 0.0,
      "p99": 0.0,
      "max": 0.0
    },
    "collate_ms": {
      "mean": 0.0,
      "std": 0.0,
      "p50": 0.0,
      "p90": 0.0,
      "p95": 0.0,
      "p99": 0.0,
      "max": 0.0
    },
    "transfer_ms": {
      "mean": 5.6731799999999994,
      "std": 4.019864613093332,
      "p50": 4.349500000000001,
      "p90": 12.290200000000004,
      "p95": 16.91545,
      "p99": 18.49601,
      "max": 19.354
    },
    "prepare_ms": {
      "mean": 5.67644,
      "std": 4.019558493964231,
      "p50": 4.3505,
      "p90": 12.292500000000004,
      "p95": 16.916449999999998,
      "p99": 18.497009999999996,
      "max": 19.355
    },
    "model_ms": {
      "mean": 644.22206,
      "std": 15.93435803967013,
      "p50": 639.8145,
      "p90": 659.5715,
      "p95": 671.3924999999999,
      "p99": 700.42669,
      "max": 703.572
    },
    "post_ms": {
      "mean": 0.6348799999999999,
      "std": 0.46474395703440835,
      "p50": 0.5535000000000001,
      "p90": 0.6165,
      "p95": 0.6612499999999999,
      "p99": 2.528849999999995,
      "max": 3.82
    },
    "e2e_ms": {
      "mean": 650.5333800000001,
      "std": 16.198812744013065,
      "p50": 648.1145,
      "p90": 667.1077,
      "p95": 676.20165,
      "p99": 705.41551,
      "max": 707.523
    },
    "sanity": {
      "basic_sanity_pass": 50,
      "basic_sanity_total": 50,
      "gt_reasonableness_pass": 48,
      "gt_reasonableness_total": 50,
      "ego_fde_m": {
        "mean": 2.306868058578983,
        "std": 5.455817287707159,
        "p50": 0.5558757902351714,
        "p90": 2.6942427013877053,
        "p95": 18.79725930569146,
        "p99": 20.46977298226435,
        "max": 20.874890236100377
      },
      "path_fde_m": {
        "mean": 0.12010561041658913,
        "std": 0.13437729739299337,
        "p50": 0.0620824868357953,
        "p90": 0.3273750710034764,
        "p95": 0.4622879525620189,
        "p99": 0.5548201099720551,
        "max": 0.5779901151202037
      }
    },
    "dataset_size": 2295,
    "config": "/home/ma-user/MindDrive/adzoo/minddrive/configs/minddrive_qwen2_05B_latency.py",
    "checkpoint": "/home/ma-user/MindDrive/ckpts/minddrive_rltrain.pth",
    "effective_config_save_path": "./results_latency_1280x704/"
  }
}