{
  "mode": "pure_inference_latency",
  "split": "train",
  "camera_width": 1280,
  "camera_height": 704,
  "wall_total_s": 35.981,
  "count_total": 55,
  "count_effective": 50,
  "sample_pool_indices": [
    0,
    1,
    2,
    3,
    4,
    5,
    6,
    7,
    8,
    9,
    10,
    11,
    12,
    13,
    14,
    15,
    16,
    17,
    18,
    19,
    20,
    21,
    22,
    23,
    24,
    25,
    26,
    27,
    28,
    29,
    30,
    31,
    32,
    33,
    34,
    35,
    36,
    37,
    38,
    39,
    40,
    41,
    42,
    43,
    44,
    45,
    46,
    47,
    48,
    49,
    50,
    51,
    52,
    53,
    54
  ],
  "thresholds": {
    "max_ego_fde_m": 20.0,
    "max_path_fde_m": 25.0,
    "max_traj_abs_m": 150.0
  },
  "device": "npu",
  "device_count": 1,
  "visible_devices": "2",
  "sample_ms": {
    "mean": 0.0,
    "std": 0.0,
    "p50": 0.0,
    "p90": 0.0,
    "p95": 0.0,
    "p99": 0.0,
    "max": 0.0
  },
  "collate_ms": {
    "mean": 0.0,
    "std": 0.0,
    "p50": 0.0,
    "p90": 0.0,
    "p95": 0.0,
    "p99": 0.0,
    "max": 0.0
  },
  "transfer_ms": {
    "mean": 5.6731799999999994,
    "std": 4.019864613093332,
    "p50": 4.349500000000001,
    "p90": 12.290200000000004,
    "p95": 16.91545,
    "p99": 18.49601,
    "max": 19.354
  },
  "prepare_ms": {
    "mean": 5.67644,
    "std": 4.019558493964231,
    "p50": 4.3505,
    "p90": 12.292500000000004,
    "p95": 16.916449999999998,
    "p99": 18.497009999999996,
    "max": 19.355
  },
  "model_ms": {
    "mean": 644.22206,
    "std": 15.93435803967013,
    "p50": 639.8145,
    "p90": 659.5715,
    "p95": 671.3924999999999,
    "p99": 700.42669,
    "max": 703.572
  },
  "post_ms": {
    "mean": 0.6348799999999999,
    "std": 0.46474395703440835,
    "p50": 0.5535000000000001,
    "p90": 0.6165,
    "p95": 0.6612499999999999,
    "p99": 2.528849999999995,
    "max": 3.82
  },
  "e2e_ms": {
    "mean": 650.5333800000001,
    "std": 16.198812744013065,
    "p50": 648.1145,
    "p90": 667.1077,
    "p95": 676.20165,
    "p99": 705.41551,
    "max": 707.523
  },
  "sanity": {
    "basic_sanity_pass": 50,
    "basic_sanity_total": 50,
    "gt_reasonableness_pass": 48,
    "gt_reasonableness_total": 50,
    "ego_fde_m": {
      "mean": 2.306868058578983,
      "std": 5.455817287707159,
      "p50": 0.5558757902351714,
      "p90": 2.6942427013877053,
      "p95": 18.79725930569146,
      "p99": 20.46977298226435,
      "max": 20.874890236100377
    },
    "path_fde_m": {
      "mean": 0.12010561041658913,
      "std": 0.13437729739299337,
      "p50": 0.0620824868357953,
      "p90": 0.3273750710034764,
      "p95": 0.4622879525620189,
      "p99": 0.5548201099720551,
      "max": 0.5779901151202037
    }
  },
  "dataset_size": 2295,
  "config": "/home/ma-user/MindDrive/adzoo/minddrive/configs/minddrive_qwen2_05B_latency.py",
  "checkpoint": "/home/ma-user/MindDrive/ckpts/minddrive_rltrain.pth",
  "effective_config_save_path": "./results_latency_1280x704/"
}